range_m,depth_m,amp,db,split
650.0,1.0,0.0007103740326644245,-62.97025844674757,train
650.0,2.0,0.0014333915737548713,-56.872703057501454,validation
650.0,3.0,0.0021930214002951628,-53.179142605986684,validation
650.0,4.0,0.0030204843556035817,-50.39846818655742,train
650.0,5.0,0.003933561692390762,-48.104280682848426,train
650.0,6.0,0.004912415292591595,-46.17409850648697,train
650.0,7.0,0.005893800191425985,-44.59209182928085,train
650.0,8.0,0.00678861545303069,-43.36437583227689,train
650.0,9.0,0.00748856466219064,-42.512028316307834,validation
650.0,10.0,0.007881640987034273,-42.06766702731989,train
650.0,11.0,0.007882231403649345,-42.067016388513096,train
650.0,12.0,0.007444219425194278,-42.56361668248958,train
650.0,13.0,0.006568106985814207,-43.65119563491501,train
650.0,14.0,0.005304592280959855,-45.506959820301134,validation
650.0,15.0,0.00376672742579669,-48.48071611600588,train
650.0,16.0,0.0022111511254401884,-53.10763147405402,train
650.0,17.0,0.0015868148952517121,-55.989474630112724,train
650.0,18.0,0.002694911676367915,-51.389109278150514,train
650.0,19.0,0.004134594653560339,-47.67134122574014,train
650.0,20.0,0.005327198877884282,-45.47002179189694,train
650.0,21.0,0.006089641845079982,-44.308164982414496,validation
650.0,22.0,0.006333789428394095,-43.96672758343318,validation
650.0,23.0,0.0060307454298426195,-44.39258007209321,train
650.0,24.0,0.005204925862963657,-45.671709040782986,validation
651.0,1.0,0.0007341467957666501,-62.68434184753151,train
651.0,2.0,0.001474858256055573,-56.62499432688131,validation
651.0,3.0,0.0022420741391776015,-52.98700061177571,validation
651.0,4.0,0.0030666637276272153,-50.26667687189015,train
651.0,5.0,0.00396958772172519,-48.02509192759636,train
651.0,6.0,0.004935441280088494,-46.133480215754794,validation
651.0,7.0,0.005904491866463824,-44.57634942616181,train
651.0,8.0,0.006789569776125281,-43.36315488191388,train
651.0,9.0,0.007482995369950906,-42.51849046986884,train
651.0,10.0,0.007872651124573738,-42.07757987660766,train
651.0,11.0,0.007872487912631568,-42.07775995007846,validation
651.0,12.0,0.007435802424464936,-42.5734431663422,train
651.0,13.0,0.0065624369942070895,-43.65869706432787,validation
651.0,14.0,0.005302305061072964,-45.51070578656871,train
651.0,15.0,0.003767228849505324,-48.47955993435513,train
651.0,16.0,0.002210213926852845,-53.11131377738082,validation
651.0,17.0,0.0015708732853412105,-56.07717691914438,train
651.0,18.0,0.002671614346791622,-51.46452466006983,train
651.0,19.0,0.00410921814897531,-47.724816048545115,train
651.0,20.0,0.005300846920074673,-45.51309474635921,validation
651.0,21.0,0.006063475454805835,-44.34556752264121,train
651.0,22.0,0.006309093713473103,-44.00066043320231,train
651.0,23.0,0.006008803092998124,-44.42424054954222,train
651.0,24.0,0.0051869084362826025,-45.7018283694832,train
652.0,1.0,0.000758515822611684,-62.40070710832229,train
652.0,2.0,0.0015175482043767981,-56.377150096489366,train
652.0,3.0,0.0022928926360841328,-52.79232560970004,validation
652.0,4.0,0.0031148386912418567,-50.131288786308126,train
652.0,5.0,0.00400739449071606,-47.94275806420757,train
652.0,6.0,0.00495969061400733,-46.090908279954704,train
652.0,7.0,0.005915729335022444,-44.55983409375739,train
652.0,8.0,0.006790446747248698,-43.36203304610591,train
652.0,9.0,0.007476865243388787,-42.525608932686424,validation
652.0,10.0,0.007862776930834755,-42.08848090428064,validation
652.0,11.0,0.007861677986445263,-42.08969497621525,train
652.0,12.0,0.00742625811238475,-42.58459920390383,train
652.0,13.0,0.0065556663839791375,-43.66766311326786,train
652.0,14.0,0.005299012048839275,-45.51610185980414,train
652.0,15.0,0.0037668865034866912,-48.48034929836102,validation
652.0,16.0,0.002208746161114361,-53.11708384610018,validation
652.0,17.0,0.0015550317254645935,-56.16521492304953,train
652.0,18.0,0.002648646241521788,-51.53952086134477,train
652.0,19.0,0.004084138604972075,-47.7779905503456,train
652.0,20.0,0.0052747126276424085,-45.55602392488532,train
652.0,21.0,0.006037450061742798,-44.382928969112506,validation
652.0,22.0,0.006284476789028225,-44.03461746885725,train
652.0,23.0,0.005986896455150254,-44.45596506038928,validation
652.0,24.0,0.005168899861799008,-45.73203762861128,train
653.0,1.0,0.0007834119676177604,-62.12019596669858,validation
653.0,2.0,0.001561337948070279,-56.13006169407466,validation
653.0,3.0,0.002345336327094839,-52.59589739136295,train
653.0,4.0,0.0031648918531941143,-49.992822511437936,validation
653.0,5.0,0.004046911245121462,-47.85752640476403,train
653.0,6.0,0.004985133729730493,-46.04646373880169,validation
653.0,7.0,0.005927503531565421,-44.54256357200124,train
653.0,8.0,0.006791246703227682,-43.361009855679455,validation
653.0,9.0,0.007470177681827489,-42.53338136310437,train
653.0,10.0,0.007852022246566713,-42.10036957230288,validation
653.0,11.0,0.007849807831859706,-42.10281949843116,train
653.0,12.0,0.007415589910352983,-42.59708590250107,train
653.0,13.0,0.00654779854772464,-43.678093814760295,train
653.0,14.0,0.005294718513842199,-45.52314247178931,train
653.0,15.0,0.003765704561295731,-48.48307511194235,train
653.0,16.0,0.002206748445620731,-53.124943412937114,validation
653.0,17.0,0.0015392896625197562,-56.25359294454221,validation
653.0,18.0,0.002626016030978274,-51.61405254022284,train
653.0,19.0,0.00405936270379262,-47.830842855308504,train
653.0,20.0,0.005248800993123843,-45.59879786156077,train
653.0,21.0,0.00601157177626691,-44.42023926372505,validation
653.0,22.0,0.0062599439491958,-44.0685911078807,train
653.0,23.0,0.005965027857527426,-44.487750475439626,train
653.0,24.0,0.005150902315528177,-45.762333724692255,train
654.0,1.0,0.000808774502350484,-61.84345097779307,train
654.0,2.0,0.0016061151459910458,-55.88446644794732,train
654.0,3.0,0.0023992710974644785,-52.39841355268146,validation
654.0,4.0,0.003216709752076649,-49.85176248577342,validation
654.0,5.0,0.004088066628790233,-47.76964069053867,train
654.0,6.0,0.0050117377680040575,-46.00023321839504,validation
654.0,7.0,0.0059398057453503815,-44.52455515795832,train
654.0,8.0,0.006791968761476609,-43.36008640448564,validation
654.0,9.0,0.007462936446289974,-42.54180513554893,validation
654.0,10.0,0.007840389293513746,-42.11324746103705,validation
654.0,11.0,0.007836879841437123,-42.11713623958316,train
654.0,12.0,0.007403800014322029,-42.61090641169815,train
654.0,13.0,0.0065388378931959855,-43.68998858525163,train
654.0,14.0,0.0052894273084806475,-45.53182693823998,validation
654.0,15.0,0.0037636856320841764,-48.48773317754621,train
654.0,16.0,0.002204221138061221,-53.134896742484756,train
654.0,17.0,0.00152364926802967,-56.34229985270441,validation
654.0,18.0,0.002603731505928187,-51.688076035761426,train
654.0,19.0,0.004034894948079967,-47.88335536041493,train
654.0,20.0,0.0052231166538998595,-45.64140548908341,train
654.0,21.0,0.005985840415876955,-44.45749731499471,train
654.0,22.0,0.006235496220514259,-44.10257959348921,train
654.0,23.0,0.005943201019318541,-44.519591603469955,validation
654.0,24.0,0.0051329167302400945,-45.79271562220953,train
655.0,1.0,0.0008345472401259771,-61.57098149496466,validation
655.0,2.0,0.0016517763560622064,-55.64097509555637,train
655.0,3.0,0.0024545699152916005,-52.20049186127693,train
655.0,4.0,0.003270180694710892,-49.70856499237386,train
655.0,5.0,0.004130790524798489,-47.67933655668105,validation
655.0,6.0,0.005039470124158155,-45.95230250224781,validation
655.0,7.0,0.005952623227913585,-44.50583210611746,train
655.0,8.0,0.006792613537732784,-43.359261873368936,train
655.0,9.0,0.007455143081528534,-42.55088034020364,train
655.0,10.0,0.007827882159448902,-42.12711441624981,train
655.0,11.0,0.00782289675487678,-42.13264802906438,validation
655.0,12.0,0.007390893094161418,-42.626061590883225,train
655.0,13.0,0.006528787140724861,-43.70334981098801,validation
655.0,14.0,0.005283142813444745,-45.54215298689462,train
655.0,15.0,0.003760835161335508,-48.49431402866047,validation
655.0,16.0,0.0022011648334366446,-53.14694868485721,validation
655.0,17.0,0.0015081126918081874,-56.43132410298719,validation
655.0,18.0,0.0025817995044773723,-51.761549737751416,validation
655.0,19.0,0.004010742124331896,-47.9355052125236,validation
655.0,20.0,0.005197662658265842,-45.68383821508356,validation
655.0,21.0,0.005960262013619293,-44.49469296436348,validation
655.0,22.0,0.006211138757195885,-44.13657536964906,train
655.0,23.0,0.005921416989237067,-44.55148709199594,train
655.0,24.0,0.0051149458816175854,-45.8231791390919,train
656.0,1.0,0.0008606804047308484,-61.303161691683385,train
656.0,2.0,0.0016982264703145678,-55.40008788078724,train
656.0,3.0,0.002511115066059858,-52.00266772575035,train
656.0,4.0,0.0033251967034831466,-49.56365317437236,validation
656.0,5.0,0.004175012239035639,-47.58684494091129,train
656.0,6.0,0.005068296947713444,-45.90275896110984,train
656.0,7.0,0.0059659486268399484,-44.486409813900806,train
656.0,8.0,0.0067931806768197715,-43.35853668830517,train
656.0,9.0,0.007446801141753351,-42.56060486671339,validation
656.0,10.0,0.00781450537803089,-42.141970112051254,train
656.0,11.0,0.007807863696338942,-42.149355537064366,train
656.0,12.0,0.007376873798005738,-42.64255292592131,validation
656.0,13.0,0.006517650749872044,-43.71817830075944,train
656.0,14.0,0.005275868618957158,-45.554120558087234,train
656.0,15.0,0.003757155585219334,-48.502816405343125,train
656.0,16.0,0.0021975804750693872,-53.16110424327604,train
656.0,17.0,0.0014926820655746008,-56.5206537031072,train
656.0,18.0,0.0025602284158594267,-51.834425730309526,train
656.0,19.0,0.003986910125863149,-47.98727108450295,train
656.0,20.0,0.005172444490186015,-45.72608322826732,train
656.0,21.0,0.005934840002695919,-44.53181969386062,validation
656.0,22.0,0.006186872119919014,-44.170577211481294,train
656.0,23.0,0.005899679681881313,-44.583431347387034,train
656.0,24.0,0.005096992718308168,-45.853719737097094,validation
657.0,1.0,0.0008871287408731659,-61.04026700824356,train
657.0,2.0,0.0017453789218667352,-55.16220546222083,train
657.0,3.0,0.002568793744426891,-51.80541530084128,validation
657.0,4.0,0.003381654160046164,-49.41741619061156,train
657.0,5.0,0.004220660008209812,-47.49239261341687,train
657.0,6.0,0.005098186610568488,-45.85168543909688,train
657.0,7.0,0.005979771881021612,-44.46630766706525,validation
657.0,8.0,0.00679367020859127,-43.35791078625042,train
657.0,9.0,0.007437914335284865,-42.570976556990026,train
657.0,10.0,0.007800261756638096,-42.15781646527729,train
657.0,11.0,0.007791783601318164,-42.16726234963822,train
657.0,12.0,0.007361744810205568,-42.66038482292808,train
657.0,13.0,0.006505434194082531,-43.73447423784759,validation
657.0,14.0,0.005267610968457183,-45.567726133928346,train
657.0,15.0,0.003752652118979533,-48.513233879925004,train
657.0,16.0,0.002193470060745255,-53.1773657803835,train
657.0,17.0,0.001477358708288808,-56.610280870791286,train
657.0,18.0,0.0025390241452567627,-51.906663382274154,train
657.0,19.0,0.003963402800326293,-48.038635762150655,train
657.0,20.0,0.005147466274031557,-45.768129803572,train
657.0,21.0,0.005909576535196175,-44.56887276821795,validation
657.0,22.0,0.006162701543500587,-44.204577288415535,train
657.0,23.0,0.005877990093876755,-44.61542300350659,validation
657.0,24.0,0.005079056441779306,-45.88433921963556,train
658.0,1.0,0.0009138515398249795,-60.78248704094052,validation
658.0,2.0,0.0017931540034415467,-54.927648196791054,train
658.0,3.0,0.0026275027222628566,-51.60913650684598,train
658.0,4.0,0.003439452130830754,-49.27021461081602,validation
658.0,5.0,0.004267665369303439,-47.39619282507548,validation
658.0,6.0,0.005129101391193258,-45.79917431581685,train
658.0,7.0,0.005994079556943556,-44.44554994281485,train
658.0,8.0,0.006794081926328312,-43.35738441002695,validation
658.0,9.0,0.007428486008985474,-42.581993805387924,validation
658.0,10.0,0.007785154962678542,-42.17465476849039,train
658.0,11.0,0.007774661449284445,-42.18637026829598,train
658.0,12.0,0.007345510924968366,-42.67955982000061,train
658.0,13.0,0.00649213955199166,-43.752243067093175,train
658.0,14.0,0.005258371816068571,-45.58297416924227,train
658.0,15.0,0.00374732819342698,-48.525565388977505,train
658.0,16.0,0.0021888345771996897,-53.19574118640337,validation
658.0,17.0,0.0014621475420881272,-56.70017602934575,train
658.0,18.0,0.002518195827950541,-51.97820999853143,train
658.0,19.0,0.003940224957970417,-48.08957964868527,train
658.0,20.0,0.0051227307976045005,-45.80996931888447,train
658.0,21.0,0.005884475132003317,-44.60584536308997,train
658.0,22.0,0.0061386276129515764,-44.238574227802225,train
658.0,23.0,0.005856350966238045,-44.647458085259885,train
658.0,24.0,0.005061141801005262,-45.915029892704325,validation
659.0,1.0,0.0009408118453188253,-60.52994446472488,validation
659.0,2.0,0.0018414794596999739,-54.69666242012064,train
659.0,3.0,0.0026871432458830235,-51.414183632718405,train
659.0,4.0,0.0034984953609462142,-49.12237395264033,validation
659.0,5.0,0.00431595883046959,-47.298454133281865,validation
659.0,6.0,0.005161008771352182,-45.74530805655247,train
659.0,7.0,0.006008861766922232,-44.42415573519011,train
659.0,8.0,0.0067944153645594745,-43.35695813659648,validation
659.0,9.0,0.007418519285831606,-42.5936553989083,train
659.0,10.0,0.0077691910922138676,-42.192483928938444,train
659.0,11.0,0.007756500998020586,-42.206682945840896,train
659.0,12.0,0.007328175609490415,-42.700082639099854,train
659.0,13.0,0.006477773052085799,-43.771485430170294,train
659.0,14.0,0.005248157542334879,-45.59986273049944,train
659.0,15.0,0.0037411891298434834,-48.53980672365325,train
659.0,16.0,0.002183676939235666,-53.21623224503513,train
659.0,17.0,0.0014470508853975663,-56.79032393382093,validation
659.0,18.0,0.002497749745383185,-52.04902153255726,validation
659.0,19.0,0.003917381884332442,-48.140081787454115,train
659.0,20.0,0.005098240904510037,-45.85159293783924,train
659.0,21.0,0.005859538740416022,-44.642731401059606,train
659.0,22.0,0.00611465349757785,-44.27256296667856,validation
659.0,23.0,0.005834763974114729,-44.67953414391558,train
659.0,24.0,0.0050432480224322975,-45.945793462020454,validation
660.0,1.0,0.0009679762072421053,-60.282706349502675,train
660.0,2.0,0.001890288078816285,-54.46944009107103,validation
660.0,3.0,0.0027476248539417165,-51.22085127639015,train
660.0,4.0,0.003558689834908156,-48.97419724390093,train
660.0,5.0,0.004365472111110422,-47.199375638651546,validation
660.0,6.0,0.005193872180371488,-45.69017484862948,train
660.0,7.0,0.0060241075356939145,-44.40214568388406,train
660.0,8.0,0.00679467129908748,-43.35663095948441,validation
660.0,9.0,0.007408017497979289,-42.60596001014319,validation
660.0,10.0,0.007752372933802675,-42.2113068677607,validation
660.0,11.0,0.007737306919978955,-42.22820350808647,train
660.0,12.0,0.007309744916885865,-42.72195556103924,train
660.0,13.0,0.006462338598287013,-43.79220581180501,validation
660.0,14.0,0.005236973009611295,-45.618393287321,train
660.0,15.0,0.0037342395622475062,-48.55595648497051,train
660.0,16.0,0.0021779989656531425,-53.23884661659329,train
660.0,17.0,0.0014320719696165412,-56.88070311511744,validation
660.0,18.0,0.0024776930926039436,-52.11904979812813,validation
660.0,19.0,0.003894878278845801,-48.19012220348233,train
660.0,20.0,0.0050740003348097905,-45.8929901691441,train
660.0,21.0,0.005834769606927991,-44.67952575866282,train
660.0,22.0,0.006090780658011344,-44.30654080173169,train
660.0,23.0,0.0058132322310075445,-44.71164654403573,train
660.0,24.0,0.005025377526106489,-45.97662613547841,train
661.0,1.0,0.0009953143237417567,-60.040794917562145,train
661.0,2.0,0.0019395189850156525,-54.24611929887909,validation
661.0,3.0,0.0028088632097522923,-51.02938820419404,validation
661.0,4.0,0.0036199485201806195,-48.825952111770164,train
661.0,5.0,0.004416138375935543,-47.0991465363575,train
661.0,6.0,0.005227656607572396,-45.63385895868694,train
661.0,7.0,0.006039804565926336,-44.37954227828249,train
661.0,8.0,0.006794848220537784,-43.3564047969347,train
661.0,9.0,0.007396984290627266,-42.618906072632484,train
661.0,10.0,0.007734705964940949,-42.23112382734869,train
661.0,11.0,0.007717083702769043,-42.25093578364011,validation
661.0,12.0,0.0072902229452306315,-42.7451838029055,validation
661.0,13.0,0.006445841495300848,-43.81440756183689,train
661.0,14.0,0.005224823350350058,-45.63856776659689,train
661.0,15.0,0.003726484051715312,-48.574014661715566,validation
661.0,16.0,0.002171803251169368,-53.2635904214591,train
661.0,17.0,0.0014172163137845697,-56.97127714165387,train
661.0,18.0,0.002458032846457047,-52.188246359506074,train
661.0,19.0,0.003872717511625974,-48.23968361368078,train
661.0,20.0,0.005050012816863762,-45.934150392929176,train
661.0,21.0,0.005810170955514174,-44.71622177923582,train
661.0,22.0,0.006067012284970755,-44.34050251321857,train
661.0,23.0,0.005791756182105153,-44.74379458191954,train
661.0,24.0,0.005007532502561617,-46.007524462705305,train
662.0,1.0,0.0010227985603186915,-59.80419783907924,train
662.0,2.0,0.001989115946035861,-54.02679802020661,train
662.0,3.0,0.0028707767337211787,-50.84001164350986,train
662.0,4.0,0.0036821856369352855,-48.677886407545316,validation
662.0,5.0,0.004467892499575338,-46.99794569681741,validation
662.0,6.0,0.005262325317282126,-45.57644614616433,train
662.0,7.0,0.006055940243107413,-44.3563683776126,train
662.0,8.0,0.006794947130876886,-43.35627836025669,train
662.0,9.0,0.0073854246169501704,-42.63249060691311,train
662.0,10.0,0.007716193115990005,-42.251938232902866,train
662.0,11.0,0.007695835994709713,-42.27488392166974,validation
662.0,12.0,0.007269614214173528,-42.7697727156974,train
662.0,13.0,0.006428285851280384,-43.83809638778966,train
662.0,14.0,0.005211712363638674,-45.66039122347001,train
662.0,15.0,0.0037179278389451657,-48.593980873595754,validation
662.0,16.0,0.002165093226423292,-53.29046797374568,train
662.0,17.0,0.0014024866674703705,-57.0620251721536,validation
662.0,18.0,0.0024387756494094223,-52.25656299909645,train
662.0,19.0,0.003850903092011809,-48.288748205234675,validation
662.0,20.0,0.005026279123955077,-45.97506794866317,train
662.0,21.0,0.005785742903836693,-44.752817372716045,train
662.0,22.0,0.0060433494462636475,-44.37444585391476,validation
662.0,23.0,0.005770336461182468,-44.77597725863682,train
662.0,24.0,0.004989712418780498,-46.0384896828661,train
663.0,1.0,0.001050403762033464,-59.57287462969964,train
663.0,2.0,0.002039027551688322,-53.81153811842087,train
663.0,3.0,0.002933293785279654,-50.652888757871246,train
663.0,4.0,0.003745320741884571,-48.53021968497319,train
663.0,5.0,0.004520668829233104,-46.89594613847635,train
663.0,6.0,0.0052978439042391115,-45.51801683820233,train
663.0,7.0,0.006072502404243848,-44.33264609151179,train
663.0,8.0,0.006794967363451406,-43.35625249726697,train
663.0,9.0,0.0073733416087398045,-42.64671289320112,train
663.0,10.0,0.00769684194538967,-42.27374863167876,train
663.0,11.0,0.007673568135261699,-42.30005292670627,train
663.0,12.0,0.007247923786197595,-42.795727640531744,train
663.0,13.0,0.006409678381230261,-43.86327523103149,validation
663.0,14.0,0.005197646402313688,-45.68386538068403,train
663.0,15.0,0.003708576224493082,-48.615855805140114,train
663.0,16.0,0.0021578721684606997,-53.31948572667188,validation
663.0,17.0,0.0013878901603478553,-57.15289806440143,train
663.0,18.0,0.0024199285730143604,-52.32394905066839,train
663.0,19.0,0.0038294395431970408,-48.337295649126865,validation
663.0,20.0,0.005002803497211673,-46.015731104645006,train
663.0,21.0,0.005761488688103376,-44.789305729124834,train
663.0,22.0,0.006019793242595097,-44.40836849757461,train
663.0,23.0,0.0057489774420300364,-44.80818790890724,train
663.0,24.0,0.004971920475600547,-46.06951652773603,train
664.0,1.0,0.0010781068263344157,-59.34676408189176,validation
664.0,2.0,0.002089206309066001,-53.60037342667587,train
664.0,3.0,0.0029963436436889366,-50.468167597826735,validation
664.0,4.0,0.0038092771455091883,-48.38314857835526,train
664.0,5.0,0.004574405946696334,-46.79330594811748,train
664.0,6.0,0.005334176121258753,-45.45865298166647,train
664.0,7.0,0.006089479291482878,-44.30839684193687,validation
664.0,8.0,0.0067949086976076345,-43.35632748912742,validation
664.0,9.0,0.007360738982980003,-42.661571647707454,validation
664.0,10.0,0.007676654360591165,-42.29656025902951,validation
664.0,11.0,0.0076502855071954,-42.32644713513481,train
664.0,12.0,0.00722515558912484,-42.82305592431189,validation
664.0,13.0,0.006390023255639499,-43.889951225634725,validation
664.0,14.0,0.005182630374081049,-45.70899527997657,train
664.0,15.0,0.003698434483858685,-48.63964140459588,train
664.0,16.0,0.002150143468713116,-53.35065121478891,train
664.0,17.0,0.00137343042979821,-57.24386669166799,validation
664.0,18.0,0.002401497874327961,-52.39035586876226,train
664.0,19.0,0.003808329494398883,-48.38530967524331,train
664.0,20.0,0.004979586839625583,-46.056133790245035,validation
664.0,21.0,0.00573740954694134,-44.82568296529898,validation
664.0,22.0,0.005996346003398865,-44.44226630556332,train
664.0,23.0,0.005727676776971665,-44.84042996043674,validation
664.0,24.0,0.00495415617715813,-46.1006061326021,train
665.0,1.0,0.001105886557713168,-59.12578841697418,train
665.0,2.0,0.0021396086330325538,-53.39331316907531,train
665.0,3.0,0.0030598619099367333,-50.28596345145147,train
665.0,4.0,0.0038739827063477158,-48.23684644649677,validation
665.0,5.0,0.004629042500286417,-46.69017663685993,train
665.0,6.0,0.0053712863530009074,-45.39843387964271,train
665.0,7.0,0.006106857141295552,-44.28364478813808,validation
665.0,8.0,0.006794770673102955,-43.35650392678755,validation
665.0,9.0,0.007347620917993311,-42.677065162377765,train
665.0,10.0,0.007655639538952708,-42.320370464731795,train
665.0,11.0,0.007625993708852641,-42.35407114676417,train
665.0,12.0,0.007201316943285707,-42.85176149109184,train
665.0,13.0,0.006369325979027159,-43.918130471274424,train
665.0,14.0,0.00516667145715374,-45.73578307751205,validation
665.0,15.0,0.003687508894873812,-48.665338468465684,train
665.0,16.0,0.0021419108744481206,-53.383972085028795,validation
665.0,17.0,0.0013591145948040732,-57.334878476933696,train
665.0,18.0,0.002383489329623501,-52.4557357595385,validation
665.0,19.0,0.0037875762823347705,-48.4327722329561,validation
665.0,20.0,0.0049566312240977555,-46.096267832496736,validation
665.0,21.0,0.005713507209050513,-44.86194440618944,train
665.0,22.0,0.005973008774704284,-44.47613694496195,validation
665.0,23.0,0.005706438462285343,-44.87269723529916,train
665.0,24.0,0.004936420554880417,-46.13175695970885,train
666.0,1.0,0.0011337238488943096,-58.909854349894,train
666.0,2.0,0.002190192974559447,-53.19035236900476,validation
666.0,3.0,0.0031237873583574876,-50.10637073939716,train
666.0,4.0,0.003939366648003073,-48.091471925862535,train
666.0,5.0,0.004684517506983907,-46.586702673305574,validation
666.0,6.0,0.005409138499788969,-45.33743796803789,validation
666.0,7.0,0.0061246229301863105,-44.25841288010221,train
666.0,8.0,0.006794553218839428,-43.35678190731837,validation
666.0,9.0,0.007333992988870489,-42.69319019101613,train
666.0,10.0,0.007633797902779421,-42.345186834999346,train
666.0,11.0,0.007600697700942389,-42.38293080237975,train
666.0,12.0,0.0071764127238654885,-42.881851849271,validation
666.0,13.0,0.006347592249119969,-43.94781957673303,validation
666.0,14.0,0.005149774161482615,-45.764236322370294,train
666.0,15.0,0.003675804563491314,-48.69295174796896,train
666.0,16.0,0.0021331796752090478,-53.41945125795505,validation
666.0,17.0,0.0013449489376398784,-57.425884075643324,train
666.0,18.0,0.002365909858164241,-52.52003612271313,train
666.0,19.0,0.0037671825650824114,-48.479666650425514,train
666.0,20.0,0.004933938709282015,-46.136124994720305,train
666.0,21.0,0.005689782750186241,-44.89808631426571,train
666.0,22.0,0.0059497823098775045,-44.50997847819703,train
666.0,23.0,0.005685261962837966,-44.90499038594936,train
666.0,24.0,0.004918715104224838,-46.16296662767587,validation
667.0,1.0,0.001161600405208013,-58.69886490292829,train
667.0,2.0,0.0022409227951368537,-52.991462112704575,validation
667.0,3.0,0.0031880657167317077,-49.9294546983429,train
667.0,4.0,0.004005361499813076,-47.94716562011424,validation
667.0,5.0,0.0047407744330880425,-46.48301416000206,train
667.0,6.0,0.005447696712516763,-45.275741574573644,validation
667.0,7.0,0.006142765029173955,-44.232721936763085,train
667.0,8.0,0.006794257055736677,-43.357160518833844,train
667.0,9.0,0.007319858124626473,-42.70994672934846,train
667.0,10.0,0.007611136836249795,-42.37100940115636,train
667.0,11.0,0.007574402313920638,-42.4130326215485,train
667.0,12.0,0.0071504466703776045,-42.91333656140168,train
667.0,13.0,0.006324827683462539,-43.97902604222324,train
667.0,14.0,0.00513194546805218,-45.79435934153786,validation
667.0,15.0,0.0036633279269974255,-48.72248406454173,validation
667.0,16.0,0.002123953416829386,-53.457100251206846,train
667.0,17.0,0.0013309403677048957,-57.51682804988852,train
667.0,18.0,0.0023487654446628864,-52.58320702225784,validation
667.0,19.0,0.003747150802543018,-48.525976571033524,validation
667.0,20.0,0.004911510193754153,-46.17569900491232,train
667.0,21.0,0.005666237527932331,-44.93410447732782,validation
667.0,22.0,0.0059266673556207464,-44.5437889520054,train
667.0,23.0,0.005664149050886982,-44.93730653600548,train
667.0,24.0,0.0049010402515240635,-46.19423461351805,train
668.0,1.0,0.0011895000178721827,-58.492710942029206,train
668.0,2.0,0.0022917632957344773,-52.79660480795841,validation
668.0,3.0,0.0032526416918559485,-49.75527551161757,train
668.0,4.0,0.004071905951162663,-47.804045229156685,train
668.0,5.0,0.0047977556328645836,-46.37923752003216,train
668.0,6.0,0.005486925809451237,-45.213418240087044,train
668.0,7.0,0.00616126782485776,-44.206598247992375,train
668.0,8.0,0.006793879606881166,-43.35764306904441,train
668.0,9.0,0.007305222868762493,-42.72733060021375,train
668.0,10.0,0.007587662561069111,-42.39783982642201,validation
668.0,11.0,0.007547114533623661,-42.44438118370638,train
668.0,12.0,0.007123425994719831,-42.946221664493876,train
668.0,13.0,0.006301039902221051,-44.01175540290601,train
668.0,14.0,0.005113190836153897,-45.826159961851246,validation
668.0,15.0,0.0036500854908433295,-48.753939271052936,train
668.0,16.0,0.0021142384544927803,-53.49692064681405,train
668.0,17.0,0.0013170966054369924,-57.60764739112848,train
668.0,18.0,0.0023320608981056883,-52.64520225694027,train
668.0,19.0,0.003727482800220004,-48.57168703683819,validation
668.0,20.0,0.004889345956579323,-46.214984643482865,validation
668.0,21.0,0.005642870984224901,-44.96999758215803,train
668.0,22.0,0.005903664959785914,-44.57756594458424,train
668.0,23.0,0.005643098408314277,-44.96964752263315,train
668.0,24.0,0.00488339719154304,-46.22555901798275,validation
669.0,1.0,0.0012174073147707843,-58.29128186248583,train
669.0,2.0,0.002342681925938315,-52.60573346141223,train
669.0,3.0,0.003317466503913523,-49.58386906927935,train
669.0,4.0,0.004138939182493358,-47.66221910137156,train
669.0,5.0,0.004855406651767635,-46.275487820895336,train
669.0,6.0,0.005526792431082898,-45.150536916897494,validation
669.0,7.0,0.006180120162915705,-44.18006161283897,train
669.0,8.0,0.006793422476495641,-43.35822752415639,train
669.0,9.0,0.007290088543593411,-42.74534393635519,train
669.0,10.0,0.007563380477034744,-42.42568103605397,train
669.0,11.0,0.007518838502955622,-42.47698486560594,train
669.0,12.0,0.0070953562875397565,-42.980515838302075,train
669.0,13.0,0.006276232594535374,-44.046019400327154,train
669.0,14.0,0.005093516469650746,-45.8596457046434,validation
669.0,15.0,0.0036360832329095667,-48.78732367963061,train
669.0,16.0,0.0021040385901745107,-53.538925980991905,train
669.0,17.0,0.001303425272153797,-57.69827725418699,validation
669.0,18.0,0.0023158014658160027,-52.70597351025992,train
669.0,19.0,0.0037081805997497288,-48.61678245082732,validation
669.0,20.0,0.00486744839655463,-46.25397288125515,train
669.0,21.0,0.005619685082598346,-45.005760417166144,train
669.0,22.0,0.005880775645544132,-44.611307776559705,train
669.0,23.0,0.005622112658027865,-45.00200912167354,train
669.0,24.0,0.004865785532772544,-46.256940744051775,train
670.0,1.0,0.001245307922059127,-58.09446498234503,train
670.0,2.0,0.002393648240708845,-52.41879342231418,validation
670.0,3.0,0.00338249373092492,-49.415259992920085,validation
670.0,4.0,0.004206404436076219,-47.52177946460587,validation
670.0,5.0,0.004913675504426806,-46.17187054804299,train
670.0,6.0,0.005567259706249464,-45.087170377668386,train
670.0,7.0,0.006199305356944255,-44.153139424703426,train
670.0,8.0,0.006792883576461169,-43.35891657476508,train
670.0,9.0,0.007274463826980918,-42.76398022708804,train
670.0,10.0,0.007538296548089276,-42.45453563789928,train
670.0,11.0,0.007489580580824407,-42.5108500452997,validation
670.0,12.0,0.007066244180027348,-43.01622718459524,train
670.0,13.0,0.006250412911980543,-44.08182583081042,train
670.0,14.0,0.0050729301502524,-45.89482234982298,validation
670.0,15.0,0.0036213281443595764,-48.822642401601485,validation
670.0,16.0,0.002093360713254176,-53.58311861260372,train
670.0,17.0,0.0012899356900974693,-57.78863881931738,train
670.0,18.0,0.002299993458232241,-52.76546798449753,train
670.0,19.0,0.0036892459674051203,-48.66124777523788,train
670.0,20.0,0.004845815854373545,-46.292661869793406,validation
670.0,21.0,0.00559667926489139,-45.04139161951797,train
670.0,22.0,0.005858000139984551,-44.64501244552774,validation
670.0,23.0,0.005601192027539474,-45.03439076026134,validation
670.0,24.0,0.004848205068542476,-46.28838037480216,validation
671.0,1.0,0.0012731887407096886,-57.9021442132933,train
671.0,2.0,0.0024446347586983734,-52.23572035150883,validation
671.0,3.0,0.0034476801161169,-49.24946071686483,validation
671.0,4.0,0.004274246504911682,-47.382808695213534,validation
671.0,5.0,0.004972509316268662,-46.06848789056513,validation
671.0,6.0,0.005608295224994504,-45.023382656850366,train
671.0,7.0,0.006218812609295968,-44.12585059061443,validation
671.0,8.0,0.006792264148857029,-43.359708657401335,train
671.0,9.0,0.0072583509055203655,-42.783240792570645,train
671.0,10.0,0.007512415991750081,-42.484407429962765,validation
671.0,11.0,0.0074593472030878944,-42.54598355376844,train
671.0,12.0,0.007036093441166388,-43.053368032632974,train
671.0,13.0,0.006223587722819509,-44.119183691944734,train
671.0,14.0,0.005051437602134905,-45.93170014525348,train
671.0,15.0,0.0036058270070712345,-48.85990225596927,train
671.0,16.0,0.002082210329807687,-53.629508066526995,train
671.0,17.0,0.0012766360888704432,-57.87865765565586,train
671.0,18.0,0.002284640738328931,-52.823641667928314,train
671.0,19.0,0.0036706790993282033,-48.705071620640354,validation
671.0,20.0,0.004824450403543066,-46.33104307771352,train
671.0,21.0,0.0055738526632556264,-45.076890308366615,train
671.0,22.0,0.0058353363478350385,-44.678682124681266,train
671.0,23.0,0.005580335209443872,-45.06679424619753,train
671.0,24.0,0.004830657859159466,-46.31987442369556,validation
672.0,1.0,0.0013010372598549565,-57.71420531369232,train
672.0,2.0,0.002495614799851204,-52.05644895037786,train
672.0,3.0,0.003512983368489804,-49.08647812565224,validation
672.0,4.0,0.004342414698327829,-47.245374080112995,validation
672.0,5.0,0.005031857582895881,-45.96543318526897,validation
672.0,6.0,0.005649863476323001,-44.95924092749061,validation
672.0,7.0,0.006238626476739493,-44.09822031927941,train
672.0,8.0,0.006791563694170109,-43.360604439088604,validation
672.0,9.0,0.007241755268253348,-42.803123121015425,train
672.0,10.0,0.007485745498863614,-42.515298843170996,validation
672.0,11.0,0.00742814373047459,-42.58239402985655,validation
672.0,12.0,0.007004912459542339,-43.09194575453133,train
672.0,13.0,0.006195763511807049,-44.15810334658882,train
672.0,14.0,0.005029046514647023,-45.97028694969676,train
672.0,15.0,0.003589587257370502,-48.89910970337249,train
672.0,16.0,0.0020705939374503894,-53.678101238118145,train
672.0,17.0,0.001263536987086547,-57.96824081207991,train
672.0,18.0,0.0022697475536344433,-52.88044886636041,validation
672.0,19.0,0.0036524812419640473,-48.74824011585374,train
672.0,20.0,0.004803351028173351,-46.369113480512254,train
672.0,21.0,0.005551206389035081,-45.11225251352207,train
672.0,22.0,0.005812786171248567,-44.71231305353301,train
672.0,23.0,0.0055595437181816375,-45.099217005795495,validation
672.0,24.0,0.004813142215130053,-46.35142611848379,train
673.0,1.0,0.0013288422659050985,-57.53053133844456,train
673.0,2.0,0.0025465640015861816,-51.880908088664974,train
673.0,3.0,0.003578365937847118,-48.926304976539456,train
673.0,4.0,0.004410858932053576,-47.10953663182874,validation
673.0,5.0,0.005091673125197528,-45.86278969848098,validation
673.0,6.0,0.005691931121463716,-44.89480727979871,validation
673.0,7.0,0.006258733040389538,-44.07027144843019,train
673.0,8.0,0.006790781241835773,-43.36160519332694,validation
673.0,9.0,0.007224682907907438,-42.823624187672145,validation
673.0,10.0,0.007458291661279066,-42.54721274556729,train
673.0,11.0,0.007395977340715113,-42.62008856144568,validation
673.0,12.0,0.006972707220331161,-43.13197140338502,train
673.0,13.0,0.0061669464745087,-44.198596419592576,train
673.0,14.0,0.005005764069869646,-46.01059246558396,train
673.0,15.0,0.0035726161835316107,-48.94027277602355,train
673.0,16.0,0.0020585181836797026,-53.72890584720042,validation
673.0,17.0,0.0012506491128007158,-58.05729041284258,validation
673.0,18.0,0.0022553192808852135,-52.93583934524484,train
673.0,19.0,0.003634654167067792,-48.79073810863944,train
673.0,20.0,0.004782517890410591,-46.406867933835315,train
673.0,21.0,0.005528741239693934,-45.147474715252486,train
673.0,22.0,0.0057903500676159386,-44.745903586114196,validation
673.0,23.0,0.0055388162102193335,-45.13166090869962,train
673.0,24.0,0.0047956599176500496,-46.38303244609577,train
674.0,1.0,0.0013565923619561677,-57.351012649586636,validation
674.0,2.0,0.0025974589913696643,-51.709026006984175,train
674.0,3.0,0.0036437903121647273,-48.76893246323441,train
674.0,4.0,0.0044795328346219,-46.97534551434481,validation
674.0,5.0,0.005151909118529474,-45.76063613373073,train
674.0,6.0,0.005734465179540332,-44.83014160025977,validation
674.0,7.0,0.0062791183440945725,-44.042026632182605,train
674.0,8.0,0.0067899159412876655,-43.36271204446624,validation
674.0,9.0,0.0072071373437690555,-42.84474403342561,train
674.0,10.0,0.007430059398275165,-42.58015428672651,train
674.0,11.0,0.00736285354220494,-42.65907676364219,validation
674.0,12.0,0.006939484014261435,-43.17345640672393,train
674.0,13.0,0.006137143178275784,-44.24067489195618,train
674.0,14.0,0.004981596136038497,-46.0526296829172,train
674.0,15.0,0.0035549210315926434,-48.98340084340708,train
674.0,16.0,0.002045991046500947,-53.781925422875425,train
674.0,17.0,0.0012379823165996585,-58.14571117510701,train
674.0,18.0,0.0022413586324256064,-52.9897729574548,validation
674.0,19.0,0.00361719588471629,-48.83255943854777,train
674.0,20.0,0.004761949996909011,-46.44430338475679,validation
674.0,21.0,0.005506453899734534,-45.18255984713848,validation
674.0,22.0,0.0057680248159948065,-44.7794575960554,train
674.0,23.0,0.005518153616059718,-45.164124273300324,train
674.0,24.0,0.004778209782406035,-46.414695738263944,validation
675.0,1.0,0.001384277438993107,-57.17553718387789,validation
675.0,2.0,0.0026482777804774996,-51.54072926530091,train
675.0,3.0,0.0037092225934103077,-48.61434207061252,train
675.0,4.0,0.004548391508084908,-46.84284319946209,validation
675.0,5.0,0.005212519915707675,-45.659045453733796,train
675.0,6.0,0.005777433398787976,-44.76530104577183,train
675.0,7.0,0.0062997691798590575,-44.01350725140438,train
675.0,8.0,0.0067889680077912705,-43.36392475764328,train
675.0,9.0,0.007189127032413245,-42.86647684609267,train
675.0,10.0,0.007401056622107874,-42.61412546377869,train
675.0,11.0,0.007328778738581382,-42.6993677958111,train
675.0,12.0,0.006905248642296524,-43.21641357694756,train
675.0,13.0,0.006106361634509121,-44.284349584693885,train
675.0,14.0,0.004956551673456094,-46.096407236379676,train
675.0,15.0,0.0035365094556539297,-49.02850352791891,train
675.0,16.0,0.0020330192456259107,-53.83717020166547,train
675.0,17.0,0.0012255486185122504,-58.233389105084036,train
675.0,18.0,0.0022278700915727436,-53.042202734579966,train
675.0,19.0,0.0036001077257464833,-48.87369007355824,train
675.0,20.0,0.004741646377550892,-46.481416759180604,validation
675.0,21.0,0.0054843443384650255,-45.21750571076302,validation
675.0,22.0,0.0057458117940620765,-44.81297207136784,validation
675.0,23.0,0.005497553767316584,-45.19661028896705,train
675.0,24.0,0.004760791411601203,-46.446416924070284,train
676.0,1.0,0.0014118881619976298,-57.00399406215634,train
676.0,2.0,0.0026990004775859716,-51.375940771908326,train
676.0,3.0,0.003774629840019006,-48.462512622784956,train
676.0,4.0,0.004617391753503433,-46.71206554052511,train
676.0,5.0,0.005273461685109244,-45.558084101085555,train
676.0,6.0,0.0058208018009106915,-44.70034376498526,validation
676.0,7.0,0.00632066970704674,-43.984738071485765,train
676.0,8.0,0.006787937442759021,-43.3652433753776,validation
676.0,9.0,0.0071706546609937045,-42.888823852674484,train
676.0,10.0,0.00737129004416902,-42.649129998488206,validation
676.0,11.0,0.007293761212038293,-42.74096918016963,train
676.0,12.0,0.006870008872827936,-43.2608540407079,validation
676.0,13.0,0.006074609518170892,-44.32963267411256,train
676.0,14.0,0.004930638411093027,-46.141936906688144,validation
676.0,15.0,0.0035173906755171596,-49.075587840948785,train
676.0,16.0,0.0020196118531374215,-53.894641781742656,train
676.0,17.0,0.0012133604208385803,-58.320203512246,train
676.0,18.0,0.0022148551960006874,-53.09309324104002,train
676.0,19.0,0.00358338895551612,-48.91412098394919,validation
676.0,20.0,0.004721605603885773,-46.518205847939484,validation
676.0,21.0,0.005462412354666555,-45.252310365886,train
676.0,22.0,0.005723709638733672,-44.846448118420724,train
676.0,23.0,0.005477018292130094,-45.22911617226637,validation
676.0,24.0,0.0047434044787995,-46.47819681364227,validation
677.0,1.0,0.0014394151995145244,-56.836278313775935,train
677.0,2.0,0.0027496071704750224,-51.2145869661679,train
677.0,3.0,0.00383998187291172,-48.31341651532122,validation
677.0,4.0,0.004686494149998303,-46.58303841506751,train
677.0,5.0,0.005334692322627719,-45.457812467389076,train
677.0,6.0,0.005864542124672045,-44.63531779711008,train
677.0,7.0,0.006341807256833194,-43.95573922777996,train
677.0,8.0,0.006786822675870633,-43.366669955604706,train
677.0,9.0,0.007151727132040442,-42.911781280523044,train
677.0,10.0,0.007340766531630599,-42.68517176332481,train
677.0,11.0,0.0072578050897662665,-42.78389398139097,validation
677.0,12.0,0.006833771572054975,-43.30679084335866,train
677.0,13.0,0.006041892225738725,-44.37654051731705,train
677.0,14.0,0.004903863832518224,-46.18923195089796,train
677.0,15.0,0.0034975717112095462,-49.1246674468681,train
677.0,16.0,0.0020057768697299447,-53.95434762406705,train
677.0,17.0,0.0012014307992538134,-58.40602477797924,train
677.0,18.0,0.0022023187884819043,-53.14239632256388,validation
677.0,19.0,0.0035670381000508238,-48.9538450374916,train
677.0,20.0,0.004701827535420757,-46.554666099665056,train
677.0,21.0,0.005440655783315305,-45.286974999013374,train
677.0,22.0,0.005701717140656544,-44.87988663249571,validation
677.0,23.0,0.005456544817788506,-45.261645466641625,validation
677.0,24.0,0.004726049508832764,-46.510034662535745,validation
678.0,1.0,0.0014668500726241537,-56.67228546627679,train
678.0,2.0,0.002800079338292016,-51.05659326105365,train
678.0,3.0,0.003905247743599679,-48.16702819724247,train
678.0,4.0,0.004755658941056721,-46.4557859798401,validation
678.0,5.0,0.005396171378949805,-45.35828531732552,train
678.0,6.0,0.005908620711596369,-44.57027775040704,train
678.0,7.0,0.006363166020485837,-43.92653490997212,train
678.0,8.0,0.0067856238122948765,-43.36820441687465,train
678.0,9.0,0.007132350022166045,-42.93534703689619,train
678.0,10.0,0.007309492307164683,-42.722255732672856,validation
678.0,11.0,0.007220920299045366,-42.82814897014028,train
678.0,12.0,0.0067965438720480964,-43.354237507247326,train
678.0,13.0,0.00600821928394296,-44.42508450253953,train
678.0,14.0,0.004876235063676763,-46.23830733918191,train
678.0,15.0,0.0034770617275319974,-49.17575198622802,train
678.0,16.0,0.0019915230897493822,-54.016293080171,train
678.0,17.0,0.0011897716423789658,-58.49072772965496,train
678.0,18.0,0.0021902620694062586,-53.19007835627869,train
678.0,19.0,0.0035510547149528457,-48.99285272001088,train
678.0,20.0,0.004682308627261316,-46.59079927669606,validation
678.0,21.0,0.005419072638877673,-45.3215005506977,train
678.0,22.0,0.005679833241177999,-44.913288298101264,train
678.0,23.0,0.005436134147600925,-45.294196694258126,validation
678.0,24.0,0.004708725859610173,-46.54193186591407,train
679.0,1.0,0.0014941844522231402,-56.511915739327634,validation
679.0,2.0,0.0028504001416192475,-50.90188338159116,train
679.0,3.0,0.0039704017281467436,-48.02331097561607,validation
679.0,4.0,0.004824849981672979,-46.33032371125137,train
679.0,5.0,0.005457858330262264,-45.25955483020725,validation
679.0,6.0,0.0059530073632993955,-44.50527160534552,train
679.0,7.0,0.006384733170868532,-43.89714495889883,train
679.0,8.0,0.006784340911412461,-43.36984674030604,train
679.0,9.0,0.007112528296440164,-42.95951985597717,train
679.0,10.0,0.00727747480254744,-42.76038579166431,validation
679.0,11.0,0.007183110819300155,-42.87374866649123,train
679.0,12.0,0.00675833124986317,-43.40321051443019,train
679.0,13.0,0.005973596540492753,-44.47528226388041,train
679.0,14.0,0.004847762321200899,-46.2891736230454,train
679.0,15.0,0.0034558696941406164,-49.22885282491948,train
679.0,16.0,0.0019768600254875457,-54.08048160928026,validation
679.0,17.0,0.0011783988809585283,-58.574153571675225,validation
679.0,18.0,0.0021786874865531163,-53.236101219757394,train
679.0,19.0,0.00353543697131472,-49.03113801639434,train
679.0,20.0,0.004663048429257358,-46.62660148095942,train
679.0,21.0,0.005397661648625021,-45.35588685183526,train
679.0,22.0,0.005658057141595322,-44.946653416992994,train
679.0,23.0,0.005415783501371449,-45.32677410225966,train
679.0,24.0,0.00469143164615456,-46.573892138674076,train
680.0,1.0,0.0015214104837982677,-56.35507190832632,validation
680.0,2.0,0.0029005534788839687,-50.750382456573135,validation
680.0,3.0,0.0040354158907281905,-47.88223400327097,train
680.0,4.0,0.00489403076301017,-46.20666610154984,train
680.0,5.0,0.005519715628558249,-45.16166592414517,train
680.0,6.0,0.0059976723578472465,-44.440345253242135,train
680.0,7.0,0.006406493836228412,-43.867591747154,train
680.0,8.0,0.006782971907177237,-43.371599632702726,validation
680.0,9.0,0.0070922682946974475,-42.98429687512039,train
680.0,10.0,0.007244721505946697,-42.799566091379255,train
680.0,11.0,0.007144386355463479,-42.9207013525223,train
680.0,12.0,0.006719143752026785,-43.45372134684898,train
680.0,13.0,0.005938033420964979,-44.52714724796949,train
680.0,14.0,0.004818453413429975,-46.34184671155392,train
680.0,15.0,0.0034340046620948508,-49.28398239130232,train
680.0,16.0,0.0019617973798633894,-54.14691699672976,train
680.0,17.0,0.0011673250192535253,-58.65616412303993,train
680.0,18.0,0.0021675959649891385,-53.28043332208556,validation
680.0,19.0,0.0035201834559937853,-49.068694049473656,validation
680.0,20.0,0.004644043676474695,-46.66207408890721,train
680.0,21.0,0.005376421600531909,-45.3901336547193,train
680.0,22.0,0.005636386446852137,-44.979984761282765,train
680.0,23.0,0.005395492881247367,-45.35937752257371,validation
680.0,24.0,0.004674167365969711,-46.605914821264506,train
681.0,1.0,0.001548521129717916,-56.20165728554605,train
681.0,2.0,0.0029505226812760574,-50.60202085001889,train
681.0,3.0,0.004100266574504076,-47.743758143299615,train
681.0,4.0,0.0049631687242207324,-46.084819211941124,train
681.0,5.0,0.005581706262049152,-45.06466044088821,validation
681.0,6.0,0.006042586474166338,-44.37554251560262,train
681.0,7.0,0.006428433924159478,-43.83789631425478,validation
681.0,8.0,0.006781518220053791,-43.373461341598876,validation
681.0,9.0,0.007071578132646961,-43.0096731163714,train
681.0,10.0,0.00721124126274169,-42.839799484636146,validation
681.0,11.0,0.0071047525105469925,-42.969020916801455,train
681.0,12.0,0.006678986781777903,-43.505788320723575,train
681.0,13.0,0.0059015369197604655,-44.580697432075134,validation
681.0,14.0,0.0047883165901742705,-46.39634285946346,train
681.0,15.0,0.003411475998794617,-49.341153596447285,train
681.0,16.0,0.0019463460746356738,-54.215598729023064,train
681.0,17.0,0.00115656664153142,-58.73658676127367,train
681.0,18.0,0.0021569898987282917,-53.32303777422944,validation
681.0,19.0,0.003505291224037422,-49.10551788924819,train
681.0,20.0,0.004625291810325828,-46.697217247184696,train
681.0,21.0,0.005355348772610507,-45.42424480070318,validation
681.0,22.0,0.00561481924054273,-45.01328441084107,train
681.0,23.0,0.00537526038002051,-45.39200986967152,validation
681.0,24.0,0.004656931944459333,-46.63800217439986,train
682.0,1.0,0.0015755085652608665,-56.05158462878511,train
682.0,2.0,0.003000292669188341,-50.456727582846824,train
682.0,3.0,0.004164928141727079,-47.607849743106044,train
682.0,4.0,0.005032230213018204,-45.964789982589224,validation
682.0,5.0,0.005643794512384786,-44.968576141309136,train
682.0,6.0,0.006087719378215748,-44.31090750353186,train
682.0,7.0,0.006450538941770879,-43.80807997191769,train
682.0,8.0,0.00677997815558989,-43.37543410767954,train
682.0,9.0,0.007050461041588525,-43.03564965656618,train
682.0,10.0,0.007177039138932463,-42.88109370799671,train
682.0,11.0,0.007064218319340705,-43.01871774744378,validation
682.0,12.0,0.006637867933640229,-43.559427850424946,validation
682.0,13.0,0.00586411504680044,-44.63595035908321,train
682.0,14.0,0.004757361064436328,-46.452677722740916,train
682.0,15.0,0.0033882934967528074,-49.40037955537725,train
682.0,16.0,0.001930517429962281,-54.28652545860474,validation
682.0,17.0,0.001146138683129213,-58.81525658849438,train
682.0,18.0,0.002146868766615441,-53.3638900444532,train
682.0,19.0,0.003490758130832433,-49.1416048345663,validation
682.0,20.0,0.0046067905056251645,-46.73203073788396,validation
682.0,21.0,0.005334442044346606,-45.45821997739957,train
682.0,22.0,0.0055933542889077285,-45.04655342268046,validation
682.0,23.0,0.005355085202887906,-45.42467229739064,train
682.0,24.0,0.004639723825548253,-46.67015739153189,validation
683.0,1.0,0.001602366574245568,-55.904762462159205,train
683.0,2.0,0.003049849705798176,-50.31443123634798,train
683.0,3.0,0.004229379412286872,-47.47446706191713,train
683.0,4.0,0.005101185303932143,-45.84657800295592,train
683.0,5.0,0.005705946057001378,-44.873446768045646,train
683.0,6.0,0.00613304321290924,-44.24647950598302,train
683.0,7.0,0.00647279538894134,-43.77816242431989,validation
683.0,8.0,0.006778350753445203,-43.377519237135864,train
683.0,9.0,0.007028925839602705,-43.06222077578224,train
683.0,10.0,0.007142124690717405,-42.92345143901763,train
683.0,11.0,0.007022790382842813,-43.06980588536439,validation
683.0,12.0,0.0065957959629789524,-43.614655749219004,validation
683.0,13.0,0.005825776793154563,-44.69292317603551,validation
683.0,14.0,0.0047255952534135,-46.510869567473776,train
683.0,15.0,0.003364466424524457,-49.46167602706957,train
683.0,16.0,0.0019143223658663314,-54.35969853151459,train
683.0,17.0,0.0011360574382419876,-58.891994209103316,train
683.0,18.0,0.002137234080941218,-53.402958181016984,train
683.0,19.0,0.003476582116421933,-49.17695016354952,train
683.0,20.0,0.004588536847063104,-46.76651552911356,validation
683.0,21.0,0.005313697744242154,-45.49206305851145,train
683.0,22.0,0.005571988878206643,-45.079795182141325,train
683.0,23.0,0.005334965927320663,-45.4573669985442,train
683.0,24.0,0.004622542911679913,-46.70238097073417,train
684.0,1.0,0.0016290889269106276,-55.76110416511927,train
684.0,2.0,0.0030991799780930984,-50.17506404654015,validation
684.0,3.0,0.004293597733873661,-47.343572938761874,validation
684.0,4.0,0.005170003165750729,-45.730183819484196,train
684.0,5.0,0.005768127276525417,-44.7793033052912,validation
684.0,6.0,0.006178531549674125,-44.182294626551275,train
684.0,7.0,0.006495188185047427,-43.7481652319462,train
684.0,8.0,0.006776635815653439,-43.37971706454041,train
684.0,9.0,0.007006975981223874,-43.08938742389704,train
684.0,10.0,0.007106505435849107,-42.96687814860281,train
684.0,11.0,0.006980476840458292,-43.122298189065624,validation
684.0,12.0,0.006552778531796712,-43.67149019816077,train
684.0,13.0,0.0057865301156417945,-44.751635645520366,train
684.0,14.0,0.004693030380805729,-46.57093268658507,train
684.0,15.0,0.003340006676751331,-49.52505330045517,validation
684.0,16.0,0.0018977730368665545,-54.43511456030686,train
684.0,17.0,0.0011263389452929535,-58.96661798152881,train
684.0,18.0,0.002128084269249567,-53.44022357128544,train
684.0,19.0,0.003462758790860743,-49.211555190360045,validation
684.0,20.0,0.0045705261069686285,-46.800676120254884,train
684.0,21.0,0.00529311318966482,-45.525776376281826,train
684.0,22.0,0.005550721810404246,-45.11301075955564,train
684.0,23.0,0.0053148997115273185,-45.49009851798285,train
684.0,24.0,0.004605387377183328,-46.73467667439172,train
685.0,1.0,0.0016556685775737812,-55.6205318695731,validation
685.0,2.0,0.0031482706622817263,-50.03855875318194,train
685.0,3.0,0.004357561432954108,-47.21512962971839,train
685.0,4.0,0.0052386573973747,-45.61560006041659,train
685.0,5.0,0.005830307016856352,-44.686171504422276,train
685.0,6.0,0.00622415615713806,-44.11839039834736,train
685.0,7.0,0.006517704312910077,-43.71810691910013,validation
685.0,8.0,0.006774834095361225,-43.382026709739314,train
685.0,9.0,0.006984621292351952,-43.11714272900755,train
685.0,10.0,0.007070190334473705,-43.0113778906844,train
685.0,11.0,0.006937284918424694,-43.17620936802119,train
685.0,12.0,0.006508822367499631,-43.729951612847664,train
685.0,13.0,0.0057463840132360505,-44.81210709609569,train
685.0,14.0,0.004659674250313909,-46.6328888603461,train
685.0,15.0,0.003314923228441892,-49.590530502651035,train
685.0,16.0,0.0018808828498774004,-54.512765069707086,train
685.0,17.0,0.0011170009471474641,-59.03892917258947,train
685.0,18.0,0.0021194201998447214,-53.47565861583387,train
685.0,19.0,0.0034492852625015633,-49.24541774322744,validation
685.0,20.0,0.0045527562292470665,-46.83451205479416,train
685.0,21.0,0.005272685486568793,-45.55936266751594,train
685.0,22.0,0.005529549141144139,-45.146205560146996,train
685.0,23.0,0.0052948859849041045,-45.52286774289617,train
685.0,24.0,0.004588255734790937,-46.767047678042715,validation
686.0,1.0,0.0016821002403256354,-55.482962542663195,train
686.0,2.0,0.0031971085000182756,-49.9048524972147,train
686.0,3.0,0.004421251673784398,-47.08909525526478,validation
686.0,4.0,0.005307117973977483,-45.50282516326698,train
686.0,5.0,0.00589245183961984,-44.59407916758003,train
686.0,6.0,0.006269888960404769,-44.054803008937505,train
686.0,7.0,0.006540328151735684,-43.68800922032584,validation
686.0,8.0,0.006772942801430235,-43.384451841270426,train
686.0,9.0,0.006961866220240697,-43.14548652815749,train
686.0,10.0,0.007033185510758699,-43.056958545415085,validation
686.0,11.0,0.0068932235113466755,-43.231552787375065,train
686.0,12.0,0.006463936747291166,-43.79005803983282,validation
686.0,13.0,0.005705346562002726,-44.874359398643335,validation
686.0,14.0,0.004625537110576709,-46.69675660718668,train
686.0,15.0,0.003289228357825942,-49.65811948321415,train
686.0,16.0,0.0018636645364845756,-54.59264517724901,validation
686.0,17.0,0.001108061204570654,-59.10872500743728,validation
686.0,18.0,0.00211124024024624,-53.50924690109602,train
686.0,19.0,0.0034361584271697886,-49.278536416842314,train
686.0,20.0,0.004535223329413886,-46.86802643957944,validation
686.0,21.0,0.005252411029882071,-45.59282590669731,train
686.0,22.0,0.005508468043566803,-45.179383314190304,train
686.0,23.0,0.00527492161854076,-45.55567978558412,validation
686.0,24.0,0.0045711474973048885,-46.79949530192229,train
687.0,1.0,0.0017083780655820745,-55.34832026513165,validation
687.0,2.0,0.003245682013574658,-49.77388062374219,train
687.0,3.0,0.004484649489926719,-46.96542989538234,train
687.0,4.0,0.005375359813727922,-45.3918491961116,validation
687.0,5.0,0.005954533796056437,-44.50304470957203,train
687.0,6.0,0.006315705449838522,-43.9915626539991,train
687.0,7.0,0.006563048055641826,-43.65788831521606,validation
687.0,8.0,0.006770962825252709,-43.38699141222736,validation
687.0,9.0,0.006938717740300297,-43.17441557581276,train
687.0,10.0,0.006995500541293482,-43.103624109377364,validation
687.0,11.0,0.006848299535267705,-43.28834504936061,train
687.0,12.0,0.006418128778163923,-43.851831462838064,train
687.0,13.0,0.00566342796661752,-44.93841237856706,train
687.0,14.0,0.004590630029098698,-46.76255413507553,train
687.0,15.0,0.0032629331135348525,-49.72783657340251,train
687.0,16.0,0.0018461330705341116,-54.67473995877221,train
687.0,17.0,0.0010995364548541775,-59.17580734280689,train
687.0,18.0,0.0021035428677694122,-53.5409726627566,validation
687.0,19.0,0.003423372568089412,-49.31091667420765,validation
687.0,20.0,0.004517922022618137,-46.901225381721275,validation
687.0,21.0,0.005232285758174457,-45.62617090602536,train
687.0,22.0,0.005487477886118606,-45.2125443380252,train
687.0,23.0,0.005255006342957732,-45.5885351085668,train
687.0,24.0,0.004554060155218054,-46.8320247405277,train
688.0,1.0,0.001734495949697722,-55.2165341992402,validation
688.0,2.0,0.0032939794286984438,-49.64558234759152,train
688.0,3.0,0.004547734829302376,-46.84409732440079,train
688.0,4.0,0.005443358601042178,-45.2826610802439,train
688.0,5.0,0.006016521994761879,-44.41308982595416,validation
688.0,6.0,0.006361578970186875,-43.92870154574021,train
688.0,7.0,0.006585847583045941,-43.627766488601424,train
688.0,8.0,0.006768892510794637,-43.38964764785067,train
688.0,9.0,0.00691518443473211,-43.20392464683236,validation
688.0,10.0,0.0069571456242557665,-43.151378121293725,train
688.0,11.0,0.006802521796371967,-43.34660115993461,train
688.0,12.0,0.006371407650658907,-43.915292146458526,validation
688.0,13.0,0.005620636749183534,-45.00428962814879,validation
688.0,14.0,0.004554962025304554,-46.83030478773594,train
688.0,15.0,0.0032360484292043514,-49.7996997512149,train
688.0,16.0,0.0018283026806248863,-54.75903807966519,train
688.0,17.0,0.0010914453443226794,-59.23996014647895,train
688.0,18.0,0.002096326514970623,-53.57082145088398,validation
688.0,19.0,0.0034109246222937366,-49.34255755839913,train
688.0,20.0,0.004500848570804523,-46.934111969492136,validation
688.0,21.0,0.005212308409196997,-45.65939790504571,train
688.0,22.0,0.005466574602036878,-45.245694414527264,validation
688.0,23.0,0.005235136010707501,-45.62144061424937,validation
688.0,24.0,0.004536992986818013,-46.86463784112266,train
689.0,1.0,0.0017604493205543856,-55.087529455845036,train
689.0,2.0,0.0033419895606548924,-49.51989822085169,train
689.0,3.0,0.00461049170679364,-46.72505509672105,train
689.0,4.0,0.005511089351048525,-45.17525095440347,train
689.0,5.0,0.006078390204526895,-44.32422847329745,train
689.0,6.0,0.006407485024895741,-43.86624800287513,train
689.0,7.0,0.006608714086288993,-43.59766073330697,train
689.0,8.0,0.006766732597436538,-43.39241970589239,train
689.0,9.0,0.00689127166019726,-43.23401258928672,train
689.0,10.0,0.006918126813166368,-43.200229627717874,validation
689.0,11.0,0.006755899167937715,-43.40633681829956,train
689.0,12.0,0.006323781375635921,-43.98046305625186,train
689.0,13.0,0.005576980769409949,-45.072017060871815,train
689.0,14.0,0.004518543790919554,-46.90003008901138,train
689.0,15.0,0.0032085876201660463,-49.87372192979312,train
689.0,16.0,0.0018101892817777596,-54.845520218266714,validation
689.0,17.0,0.0010838056918754677,-59.30097145024048,validation
689.0,18.0,0.002089588818880091,-53.59878328504976,train
689.0,19.0,0.0033988095355974336,-49.373463439475486,train
689.0,20.0,0.004483998522827881,-46.96669078294988,train
689.0,21.0,0.005192471974351327,-45.692516776617666,train
689.0,22.0,0.005445753539533273,-45.278840351521396,train
689.0,23.0,0.005215308890338319,-45.654399284934264,train
689.0,24.0,0.004519943687137722,-46.89733951845242,validation
690.0,1.0,0.0017862324427079398,-54.961240539219276,train
690.0,2.0,0.0033897016428457074,-49.3967705230657,train
690.0,3.0,0.004672902378708175,-46.60826583395928,train
690.0,4.0,0.005578528572820378,-45.069606763093695,train
690.0,5.0,0.00614010986529578,-44.23647715872442,train
690.0,6.0,0.006453399274418853,-43.80422928173317,validation
690.0,7.0,0.006631634914710522,-43.56758781227671,train
690.0,8.0,0.006764481157971439,-43.39531017163399,validation
690.0,9.0,0.0068669868386706705,-43.26467569955489,train
690.0,10.0,0.006878455027565487,-43.250181957240684,train
690.0,11.0,0.006708440074386963,-43.46756910733889,validation
690.0,12.0,0.006275258466747775,-44.04736763320756,train
690.0,13.0,0.005532470757613891,-45.14161745796614,train
690.0,14.0,0.004481387070234577,-46.97175086417595,validation
690.0,15.0,0.0031805628129385312,-49.94992046241098,validation
690.0,16.0,0.0017918093907336864,-54.93416383271249,validation
690.0,17.0,0.0010766364337633028,-59.35861855181055,train
690.0,18.0,0.002083326397542715,-53.62485366444558,train
690.0,19.0,0.0033870221246766197,-49.403639329028934,train
690.0,20.0,0.004467368209706897,-46.998965012109714,validation
690.0,21.0,0.005172774086156709,-45.72552976790176,validation
690.0,22.0,0.005425013831206621,-45.31198300467047,train
690.0,23.0,0.005195522586710369,-45.687415256226,train
690.0,24.0,0.0045029121513443515,-46.93013051469893,train
691.0,1.0,0.0018118406969977751,-54.83759979164094,validation
691.0,2.0,0.003437105953947219,-49.27614159755016,validation
691.0,3.0,0.004734951321087422,-46.49368963032836,train
691.0,4.0,0.005645653483038039,-44.96571562694439,validation
691.0,5.0,0.006201655248086105,-44.149847599817605,validation
691.0,6.0,0.006499297247313189,-43.74267199980065,validation
691.0,7.0,0.006654595453347537,-43.537566820973446,train
691.0,8.0,0.0067621386726462234,-43.39831854615353,train
691.0,9.0,0.006842337865290034,-43.29590969507323,validation
691.0,10.0,0.0068381374225952715,-43.30124351309585,train
691.0,11.0,0.0066601525887506376,-43.53031641451209,train
691.0,12.0,0.006225847811045853,-44.116029994402616,validation
691.0,13.0,0.00548711777016979,-45.21311436857346,validation
691.0,14.0,0.004443502717695309,-47.04549099752663,train
691.0,15.0,0.003151986829755601,-50.028312116647214,train
691.0,16.0,0.001773180395304401,-55.02494158014282,validation
691.0,17.0,0.0010699551087671746,-59.41268886543011,validation
691.0,18.0,0.002077536519929166,-53.64902666481864,train
691.0,19.0,0.0033755575924519668,-49.43308955696514,train
691.0,20.0,0.004450950317403624,-47.0309450678336,validation
691.0,21.0,0.005153210483427765,-45.75844236745104,train
691.0,22.0,0.005404350660653543,-45.3451295917933,validation
691.0,23.0,0.005175775300814866,-45.72049172458633,validation
691.0,24.0,0.004485894648275833,-46.96301860172944,train
692.0,1.0,0.0018372691734906195,-54.7165442337332,train
692.0,2.0,0.0034841916159838284,-49.15795937250641,train
692.0,3.0,0.004796621768611927,-46.38129051824077,validation
692.0,4.0,0.005712442978986578,-44.863562439658764,train
692.0,5.0,0.006263000747599257,-44.06435072916014,train
692.0,6.0,0.006545156132560068,-43.681599780735056,train
692.0,7.0,0.006677581811154577,-43.5076156493131,train
692.0,8.0,0.00675970386558666,-43.401446591104225,validation
692.0,9.0,0.006817331114394679,-43.32771224042912,train
692.0,10.0,0.006797185698068252,-43.35341730114373,train
692.0,11.0,0.006611045269190229,-43.59459737987191,train
692.0,12.0,0.006175558247792658,-44.18647555334153,train
692.0,13.0,0.005440929376878606,-45.28653822377116,train
692.0,14.0,0.004404900989788649,-47.12127697805431,train
692.0,15.0,0.0031228729774181343,-50.10891360600305,validation
692.0,16.0,0.0017543204078625731,-55.11782168965446,validation
692.0,17.0,0.0010637810066458147,-59.462955361763065,train
692.0,18.0,0.0020722156718015286,-53.6713009225621,train
692.0,19.0,0.003364409677349029,-49.461822529901724,train
692.0,20.0,0.004434741122304248,-47.06263454003275,validation
692.0,21.0,0.005133775672152706,-45.79126224766913,train
692.0,22.0,0.005383761189758962,-45.37828425157356,train
692.0,23.0,0.0051560630871462475,-45.75363554929016,train
692.0,24.0,0.0044688901803258685,-46.99600635349006,validation
693.0,1.0,0.00186251271253383,-54.598015086069076,train
693.0,2.0,0.003530949152385602,-49.04217072943674,train
693.0,3.0,0.004857898807846368,-46.27103071960768,train
693.0,4.0,0.005778875738763283,-44.76313287845093,train
693.0,5.0,0.006324120785095285,-43.97999688042769,train
693.0,6.0,0.00659095166401582,-43.621037466568964,validation
693.0,7.0,0.006700580550319175,-43.47775135231995,train
693.0,8.0,0.006757175784962659,-43.404695658954196,train
693.0,9.0,0.006791975057955781,-43.360078352255165,train
693.0,10.0,0.006755606863874214,-43.40671263441224,validation
693.0,11.0,0.006561127817211539,-43.660430033547925,train
693.0,12.0,0.0061243980907199555,-44.25873175142882,train
693.0,13.0,0.0053939158165333565,-45.361916718286686,validation
693.0,14.0,0.0043655944094514055,-47.19913230757847,train
693.0,15.0,0.0030932355774515776,-50.191740066853505,train
693.0,16.0,0.001735248694992941,-55.21276547079937,train
693.0,17.0,0.0010581319547215606,-59.50920340151707,train
693.0,18.0,0.002067359645278553,-53.69167930757737,train
693.0,19.0,0.0033535726696509328,-49.489845567075164,train
693.0,20.0,0.0044187348192163125,-47.094041217935974,validation
693.0,21.0,0.005114466153385054,-45.82399382256987,train
693.0,22.0,0.005363240787442424,-45.411454091280945,train
693.0,23.0,0.005136384173297384,-45.78685001769578,validation
693.0,24.0,0.0044518958492341856,-47.02910008814807,validation
694.0,1.0,0.001887567634843977,-54.48194955780842,train
694.0,2.0,0.0035773692897045324,-48.92872451151529,train
694.0,3.0,0.004918767690762562,-46.162873766346884,train
694.0,4.0,0.005844932437774632,-44.66441009062877,train
694.0,5.0,0.006384991518787747,-43.89679350550898,train
694.0,6.0,0.006636662048349055,-43.56100593817621,train
694.0,7.0,0.006723579359415738,-43.44798929429727,train
694.0,8.0,0.006754553824886308,-43.40806666426619,train
694.0,9.0,0.006766276977708822,-43.39300456658452,train
694.0,10.0,0.006713412568630481,-43.46113325390646,train
694.0,11.0,0.006510408269282855,-43.72783551730894,train
694.0,12.0,0.006072376443571332,-44.33282626300859,validation
694.0,13.0,0.005346087333483039,-45.43927901806188,train
694.0,14.0,0.004325595870087792,-47.27908116159731,train
694.0,15.0,0.0030630886929555257,-50.27680855682644,train
694.0,16.0,0.0017159856418168804,-55.30972700696989,train
694.0,17.0,0.001053026130279529,-59.55121703791594,train
694.0,18.0,0.002062963657369472,-53.710168455979726,validation
694.0,19.0,0.003343040406072713,-49.51716748443122,train
694.0,20.0,0.004402925793427558,-47.125172680891296,train
694.0,21.0,0.005095276678684811,-45.85664456773948,train
694.0,22.0,0.005342786433705554,-45.44464370899368,train
694.0,23.0,0.0051167356676797525,-45.82014036500665,train
694.0,24.0,0.00443491115934217,-47.0623015116571,train
695.0,1.0,0.0019124289602733956,-54.36829376645971,validation
695.0,2.0,0.003623442725855783,-48.81757197981525,train
695.0,3.0,0.004979213926792986,-46.056784286180445,validation
695.0,4.0,0.005910591931575034,-44.567380467844714,train
695.0,5.0,0.0064455902400880425,-43.81474613944323,train
695.0,6.0,0.00668226626780316,-43.501524461016515,train
695.0,7.0,0.006746563925737251,-43.418347204235026,train
695.0,8.0,0.006751838352322225,-43.411559276507134,train
695.0,9.0,0.006740244220728634,-43.42648734587143,validation
695.0,10.0,0.006670611139398317,-43.51668751264416,train
695.0,11.0,0.006458896754540882,-43.79683315196577,validation
695.0,12.0,0.006019501972261947,-44.408788778317614,validation
695.0,13.0,0.005297455040550904,-45.51865440909091,train
695.0,14.0,0.0042849154495849225,-47.361154864038475,validation
695.0,15.0,0.0030324474961563822,-50.364134195555636,validation
695.0,16.0,0.0016965528241711053,-55.408652270759035,train
695.0,17.0,0.0010484807148955894,-59.588791065373876,train
695.0,18.0,0.00205902282014207,-53.72677680142415,train
695.0,19.0,0.003332807978555563,-49.54379415436858,validation
695.0,20.0,0.00438730805825936,-47.156037403968476,train
695.0,21.0,0.005076201305996404,-45.889223269963246,validation
695.0,22.0,0.005322394394878035,-45.47785893852265,validation
695.0,23.0,0.0050971139060141096,-45.8535132211015,validation
695.0,24.0,0.004417932706471087,-47.09561807092523,validation
696.0,1.0,0.0019370924894539796,-54.25699285458475,train
696.0,2.0,0.0036691614461750017,-48.7086635700577,train
696.0,3.0,0.005039225300459107,-45.95272448377251,train
696.0,4.0,0.005975838587833749,-44.472022833491174,train
696.0,5.0,0.006505895184887812,-43.73385875650147,train
696.0,6.0,0.006727741617563238,-43.442613923933266,train
696.0,7.0,0.006769522726979259,-43.3888389877327,validation
696.0,8.0,0.0067490269182671385,-43.4151767937241,train
696.0,9.0,0.006713885049100856,-43.46052197480319,train
696.0,10.0,0.006627213318921079,-43.573380999407036,train
696.0,11.0,0.006406601745820267,-43.86744544514607,train
696.0,12.0,0.005965785976490269,-44.48664662154596,validation
696.0,13.0,0.0052480286280855515,-45.60007609084277,validation
696.0,14.0,0.00424356787744012,-47.44537693461317,train
696.0,15.0,0.0030013274996064233,-50.45373225070588,validation
696.0,16.0,0.0016769723232643709,-55.50948209853718,train
696.0,17.0,0.0010445133539545683,-59.621720065100796,train
696.0,18.0,0.002055532293556962,-53.741513916437704,train
696.0,19.0,0.003322866442664055,-49.56974228294023,train
696.0,20.0,0.004371875634789303,-47.18664401538429,validation
696.0,21.0,0.005057236678005829,-45.921734419353655,train
696.0,22.0,0.005302059089289232,-45.5111087308165,validation
696.0,23.0,0.0050775151967766856,-45.88697536194364,train
696.0,24.0,0.0044009585889529185,-47.12905435868361,validation
697.0,1.0,0.001961554335184615,-54.14799314763998,train
697.0,2.0,0.0037145166638729837,-48.60195378002842,train
697.0,3.0,0.005098786950799929,-45.85066268681254,train
697.0,4.0,0.006040651771572442,-44.37832399073617,train
697.0,5.0,0.006565883823460465,-43.654136118628905,train
697.0,6.0,0.006773067471831263,-43.38429196049038,train
697.0,7.0,0.006792441644836547,-43.35948168001768,train
697.0,8.0,0.006746120200423311,-43.41891849888209,train
697.0,9.0,0.006687207322256617,-43.49510424479135,train
697.0,10.0,0.006583228340874182,-43.63122162074141,train
697.0,11.0,0.0063535331378545175,-43.93969401209347,validation
697.0,12.0,0.005911235645658994,-44.5664345515791,train
697.0,13.0,0.0051978195511642195,-45.683576033036985,train
697.0,14.0,0.004201564607382559,-47.5317790786211,train
697.0,15.0,0.002969744462119442,-50.54561837706318,train
697.0,16.0,0.0016572675750919663,-55.61214733306955,validation
697.0,17.0,0.0010411399065656786,-59.649818136651554,train
697.0,18.0,0.002052486002448425,-53.75439592003048,validation
697.0,19.0,0.003313211053517314,-49.595017968394515,validation
697.0,20.0,0.0043566220792969615,-47.21700223711005,train
697.0,21.0,0.00503837670654234,-45.9541872907222,train
697.0,22.0,0.0052817780823167055,-45.544396998780115,validation
697.0,23.0,0.0050579378245958935,-45.92053027168234,train
697.0,24.0,0.004383986934608828,-47.16261497658572,validation
698.0,1.0,0.0019858100757844084,-54.041245801435636,train
698.0,2.0,0.003759499645565757,-48.497399035646396,train
698.0,3.0,0.005157886400248584,-45.750564544033274,validation
698.0,4.0,0.006105013815623338,-44.2862669782241,train
698.0,5.0,0.006625534518708259,-43.5755815805438,validation
698.0,6.0,0.006818224322106989,-43.32657428845347,train
698.0,7.0,0.006815308001012414,-43.33029025038654,train
698.0,8.0,0.006743116760850995,-43.422786404111385,train
698.0,9.0,0.006660219118327112,-43.53022964988245,train
698.0,10.0,0.006538667357812615,-43.690215119516544,train
698.0,11.0,0.006299700939554111,-44.013601339132194,validation
698.0,12.0,0.005855860712292141,-44.648185239411134,train
698.0,13.0,0.005146838048425286,-45.76918994287229,train
698.0,14.0,0.004158920215359852,-47.62038822103178,validation
698.0,15.0,0.002937715263552594,-50.63980600522787,train
698.0,16.0,0.0016374640086027799,-55.71656474015248,train
698.0,17.0,0.0010383764876597996,-59.67290308643679,validation
698.0,18.0,0.0020498780310116297,-53.765439579221194,train
698.0,19.0,0.0033038331502686278,-49.6196378695715,train
698.0,20.0,0.004341540180434721,-47.24712350558509,train
698.0,21.0,0.0050196147604275,-45.98659224610575,validation
698.0,22.0,0.005261545322029364,-45.57773368625833,train
698.0,23.0,0.005038377554613483,-45.954185828693426,train
698.0,24.0,0.004367014762751545,-47.196306798758,train
699.0,1.0,0.00200985610855521,-53.93670067743478,train
699.0,2.0,0.003804102546206484,-48.394955688260566,train
699.0,3.0,0.005216512202875983,-45.65239544689771,train
699.0,4.0,0.0061689089942536185,-44.19583273123649,train
699.0,5.0,0.006684827319556862,-43.49819613642346,train
699.0,6.0,0.006863191072894198,-43.26947820155867,validation
699.0,7.0,0.006838110018834036,-43.30127832177371,validation
699.0,8.0,0.00674001630410704,-43.42678105809136,validation
699.0,9.0,0.006632928644202942,-43.56589349469463,train
699.0,10.0,0.00649354030970839,-43.750369183382205,train
699.0,11.0,0.006245112438778265,-44.08919476116485,train
699.0,12.0,0.005799670629653464,-44.731933396967946,train
699.0,13.0,0.005095094855441168,-45.85695452633574,train
699.0,14.0,0.0041156473476692485,-47.71123690327804,train
699.0,15.0,0.002905257879804607,-50.73630624443729,train
699.0,16.0,0.0016175877956790521,-55.822642767816646,train
699.0,17.0,0.0010362381856357226,-59.690808157879715,train
699.0,18.0,0.0020477020464380507,-53.774664713705285,train
699.0,19.0,0.003294726706575941,-49.64361207510783,validation
699.0,20.0,0.004326625353679227,-47.27701418233953,train
699.0,21.0,0.005000947458811874,-46.01895416466729,train
699.0,22.0,0.0052413576807247625,-45.61112404325165,train
699.0,23.0,0.005018831031265041,-45.98794850885127,validation
699.0,24.0,0.0043500399807553615,-47.230135029451425,validation
700.0,1.0,0.002033688321560672,-53.834312105928205,train
700.0,2.0,0.003848318170191136,-48.29458057340189,train
700.0,3.0,0.005274651368354293,-45.55612480137722,validation
700.0,4.0,0.00623231974807182,-44.10700546723323,train
700.0,5.0,0.0067437426254002035,-43.421980257884,train
700.0,6.0,0.0069079493309505665,-43.21301713190419,train
700.0,7.0,0.00686083471611311,-43.272460862108026,validation
700.0,8.0,0.006736818354931502,-43.4309032477347,validation
700.0,9.0,0.006605344513119475,-43.60209052164066,train
700.0,10.0,0.006447859065374268,-43.81168927455305,train
700.0,11.0,0.006189780842363893,-44.16649454992714,train
700.0,12.0,0.0057426767721585085,-44.81771254785197,train
700.0,13.0,0.0050426024809195535,-45.94690533698673,validation
700.0,14.0,0.004071760624238498,-47.8043552353715,train
700.0,15.0,0.0028723897229897986,-50.835132715744635,train
700.0,16.0,0.0015976671320742015,-55.93027398431887,train
700.0,17.0,0.0010347394496565277,-59.70337986059887,validation
700.0,18.0,0.0020459513908128108,-53.782093775649656,validation
700.0,19.0,0.0032858841773400413,-49.66695497765767,train
700.0,20.0,0.004311869756542995,-47.306687316671955,train
700.0,21.0,0.004982367428183428,-46.051284965341765,train
700.0,22.0,0.005221210025149697,-45.644576735559625,train
700.0,23.0,0.004999294987625578,-46.0218247315684,validation
700.0,24.0,0.004333060150754548,-47.26410564253215,train
